name,source,transformation,as_of_logic,dtype,description
original_balance,static,passthrough,origination,original,Original original_balance
interest_rate,static,passthrough,origination,original,Original interest_rate
credit_score_band,static,passthrough,origination,original,Original credit_score_band
ltv_band,static,passthrough,origination,original,Original ltv_band
dti_band,static,passthrough,origination,original,Original dti_band
state,static,passthrough,origination,original,Original state
loan_purpose,static,passthrough,origination,original,Original loan_purpose
occupancy_type,static,passthrough,origination,original,Original occupancy_type
property_type,static,passthrough,origination,original,Original property_type
servicer_name,static,passthrough,origination,original,Original servicer_name
origination_month,static,passthrough,origination,original,Original origination_month
term_months,static,passthrough,origination,original,Original term_months
loan_age_months,panel,passthrough,reporting_month,original,Current loan_age_months
remaining_term_months,panel,passthrough,reporting_month,original,Current remaining_term_months
current_balance,panel,passthrough,reporting_month,original,Current current_balance
current_status,panel,passthrough,reporting_month,original,Current current_status
days_past_due,panel,passthrough,reporting_month,original,Current days_past_due
modification_flag,panel,passthrough,reporting_month,original,Current modification_flag
prepayment_flag,panel,passthrough,reporting_month,original,Current prepayment_flag
default_flag,panel,passthrough,reporting_month,original,Current default_flag
loss_severity_band,panel,passthrough,reporting_month,original,Current loss_severity_band
document_status,panel,passthrough,reporting_month,original,Current document_status
credit_score_band_encoded,credit_score_band,ordinal_encoding,origination,int,Ordinal encoded credit_score_band
ltv_band_encoded,ltv_band,ordinal_encoding,origination,int,Ordinal encoded ltv_band
dti_band_encoded,dti_band,ordinal_encoding,origination,int,Ordinal encoded dti_band
current_status_encoded,current_status,ordinal_encoding,reporting_month,int,Ordinal encoded current_status
state_AZ,state,onehot,origination,int,One-hot for state
state_CA,state,onehot,origination,int,One-hot for state
state_FL,state,onehot,origination,int,One-hot for state
state_GA,state,onehot,origination,int,One-hot for state
state_IL,state,onehot,origination,int,One-hot for state
state_IN,state,onehot,origination,int,One-hot for state
state_MA,state,onehot,origination,int,One-hot for state
state_MD,state,onehot,origination,int,One-hot for state
state_MI,state,onehot,origination,int,One-hot for state
state_MO,state,onehot,origination,int,One-hot for state
state_NC,state,onehot,origination,int,One-hot for state
state_NJ,state,onehot,origination,int,One-hot for state
state_NY,state,onehot,origination,int,One-hot for state
state_OH,state,onehot,origination,int,One-hot for state
state_PA,state,onehot,origination,int,One-hot for state
state_TN,state,onehot,origination,int,One-hot for state
state_TX,state,onehot,origination,int,One-hot for state
state_VA,state,onehot,origination,int,One-hot for state
state_WA,state,onehot,origination,int,One-hot for state
state_WI,state,onehot,origination,int,One-hot for state
loan_purpose_Cash-out Refinance,loan_purpose,onehot,origination,int,One-hot for loan_purpose
loan_purpose_Purchase,loan_purpose,onehot,origination,int,One-hot for loan_purpose
loan_purpose_Refinance,loan_purpose,onehot,origination,int,One-hot for loan_purpose
occupancy_type_Investment,occupancy_type,onehot,origination,int,One-hot for occupancy_type
occupancy_type_Primary,occupancy_type,onehot,origination,int,One-hot for occupancy_type
occupancy_type_Second Home,occupancy_type,onehot,origination,int,One-hot for occupancy_type
property_type_2-4 Unit,property_type,onehot,origination,int,One-hot for property_type
property_type_Condo,property_type,onehot,origination,int,One-hot for property_type
property_type_Manufactured,property_type,onehot,origination,int,One-hot for property_type
property_type_SFR,property_type,onehot,origination,int,One-hot for property_type
servicer_name_Servicer_A,servicer_name,onehot,origination,int,One-hot for servicer_name
servicer_name_Servicer_B,servicer_name,onehot,origination,int,One-hot for servicer_name
servicer_name_Servicer_C,servicer_name,onehot,origination,int,One-hot for servicer_name
servicer_name_Servicer_D,servicer_name,onehot,origination,int,One-hot for servicer_name
servicer_name_Servicer_E,servicer_name,onehot,origination,int,One-hot for servicer_name
balance_ratio,current_balance/original_balance,ratio,reporting_month,float,Current/original balance
balance_paid_pct,current_balance/original_balance,ratio,reporting_month,float,Pct of balance paid
rate_level,interest_rate,quantile_bin,origination,int,Interest rate quintile
is_delinquent,current_status,indicator,reporting_month,int,Flag for is_delinquent
is_severe_dq,current_status,indicator,reporting_month,int,Flag for is_severe_dq
is_terminal,current_status,indicator,reporting_month,int,Flag for is_terminal
dpd_30_plus,days_past_due,bucket/log,reporting_month,int,DPD feature: dpd_30_plus
dpd_60_plus,days_past_due,bucket/log,reporting_month,int,DPD feature: dpd_60_plus
dpd_90_plus,days_past_due,bucket/log,reporting_month,int,DPD feature: dpd_90_plus
log_dpd,days_past_due,bucket/log,reporting_month,float,DPD feature: log_dpd
ever_modified,modification_flag,cummax,reporting_month,int,Ever modified flag
month_of_year,reporting_month,datetime_extract,reporting_month,int,Seasonality: month_of_year
quarter,reporting_month,datetime_extract,reporting_month,int,Seasonality: quarter
is_year_end,reporting_month,datetime_extract,reporting_month,int,Seasonality: is_year_end
current_balance_rollmean_3,current,current_balance_rollmean_3,reporting_month,float,current_balance_rollmean_3
current_balance_rollstd_3,current,current_balance_rollstd_3,reporting_month,float,current_balance_rollstd_3
current_balance_rollmax_3,current,current_balance_rollmax_3,reporting_month,float,current_balance_rollmax_3
current_balance_rollmean_6,current,current_balance_rollmean_6,reporting_month,float,current_balance_rollmean_6
current_balance_rollstd_6,current,current_balance_rollstd_6,reporting_month,float,current_balance_rollstd_6
current_balance_rollmax_6,current,current_balance_rollmax_6,reporting_month,float,current_balance_rollmax_6
current_balance_rollmean_12,current,current_balance_rollmean_12,reporting_month,float,current_balance_rollmean_12
current_balance_rollstd_12,current,current_balance_rollstd_12,reporting_month,float,current_balance_rollstd_12
current_balance_rollmax_12,current,current_balance_rollmax_12,reporting_month,float,current_balance_rollmax_12
days_past_due_rollmean_3,days,days_past_due_rollmean_3,reporting_month,float,days_past_due_rollmean_3
days_past_due_rollstd_3,days,days_past_due_rollstd_3,reporting_month,float,days_past_due_rollstd_3
days_past_due_rollmax_3,days,days_past_due_rollmax_3,reporting_month,float,days_past_due_rollmax_3
days_past_due_rollmean_6,days,days_past_due_rollmean_6,reporting_month,float,days_past_due_rollmean_6
days_past_due_rollstd_6,days,days_past_due_rollstd_6,reporting_month,float,days_past_due_rollstd_6
days_past_due_rollmax_6,days,days_past_due_rollmax_6,reporting_month,float,days_past_due_rollmax_6
days_past_due_rollmean_12,days,days_past_due_rollmean_12,reporting_month,float,days_past_due_rollmean_12
days_past_due_rollstd_12,days,days_past_due_rollstd_12,reporting_month,float,days_past_due_rollstd_12
days_past_due_rollmax_12,days,days_past_due_rollmax_12,reporting_month,float,days_past_due_rollmax_12
is_delinquent_rollmean_3,is,is_delinquent_rollmean_3,reporting_month,float,is_delinquent_rollmean_3
is_delinquent_rollstd_3,is,is_delinquent_rollstd_3,reporting_month,float,is_delinquent_rollstd_3
is_delinquent_rollmax_3,is,is_delinquent_rollmax_3,reporting_month,float,is_delinquent_rollmax_3
is_delinquent_rollmean_6,is,is_delinquent_rollmean_6,reporting_month,float,is_delinquent_rollmean_6
is_delinquent_rollstd_6,is,is_delinquent_rollstd_6,reporting_month,float,is_delinquent_rollstd_6
is_delinquent_rollmax_6,is,is_delinquent_rollmax_6,reporting_month,float,is_delinquent_rollmax_6
is_delinquent_rollmean_12,is,is_delinquent_rollmean_12,reporting_month,float,is_delinquent_rollmean_12
is_delinquent_rollstd_12,is,is_delinquent_rollstd_12,reporting_month,float,is_delinquent_rollstd_12
is_delinquent_rollmax_12,is,is_delinquent_rollmax_12,reporting_month,float,is_delinquent_rollmax_12
is_severe_dq_rollmean_3,is,is_severe_dq_rollmean_3,reporting_month,float,is_severe_dq_rollmean_3
is_severe_dq_rollstd_3,is,is_severe_dq_rollstd_3,reporting_month,float,is_severe_dq_rollstd_3
is_severe_dq_rollmax_3,is,is_severe_dq_rollmax_3,reporting_month,float,is_severe_dq_rollmax_3
is_severe_dq_rollmean_6,is,is_severe_dq_rollmean_6,reporting_month,float,is_severe_dq_rollmean_6
is_severe_dq_rollstd_6,is,is_severe_dq_rollstd_6,reporting_month,float,is_severe_dq_rollstd_6
is_severe_dq_rollmax_6,is,is_severe_dq_rollmax_6,reporting_month,float,is_severe_dq_rollmax_6
is_severe_dq_rollmean_12,is,is_severe_dq_rollmean_12,reporting_month,float,is_severe_dq_rollmean_12
is_severe_dq_rollstd_12,is,is_severe_dq_rollstd_12,reporting_month,float,is_severe_dq_rollstd_12
is_severe_dq_rollmax_12,is,is_severe_dq_rollmax_12,reporting_month,float,is_severe_dq_rollmax_12
modification_flag_rollmean_3,modification,modification_flag_rollmean_3,reporting_month,float,modification_flag_rollmean_3
modification_flag_rollstd_3,modification,modification_flag_rollstd_3,reporting_month,float,modification_flag_rollstd_3
modification_flag_rollmax_3,modification,modification_flag_rollmax_3,reporting_month,float,modification_flag_rollmax_3
modification_flag_rollmean_6,modification,modification_flag_rollmean_6,reporting_month,float,modification_flag_rollmean_6
modification_flag_rollstd_6,modification,modification_flag_rollstd_6,reporting_month,float,modification_flag_rollstd_6
modification_flag_rollmax_6,modification,modification_flag_rollmax_6,reporting_month,float,modification_flag_rollmax_6
modification_flag_rollmean_12,modification,modification_flag_rollmean_12,reporting_month,float,modification_flag_rollmean_12
modification_flag_rollstd_12,modification,modification_flag_rollstd_12,reporting_month,float,modification_flag_rollstd_12
modification_flag_rollmax_12,modification,modification_flag_rollmax_12,reporting_month,float,modification_flag_rollmax_12
balance_ratio_rollmean_3,balance,balance_ratio_rollmean_3,reporting_month,float,balance_ratio_rollmean_3
balance_ratio_rollstd_3,balance,balance_ratio_rollstd_3,reporting_month,float,balance_ratio_rollstd_3
balance_ratio_rollmax_3,balance,balance_ratio_rollmax_3,reporting_month,float,balance_ratio_rollmax_3
balance_ratio_rollmean_6,balance,balance_ratio_rollmean_6,reporting_month,float,balance_ratio_rollmean_6
balance_ratio_rollstd_6,balance,balance_ratio_rollstd_6,reporting_month,float,balance_ratio_rollstd_6
balance_ratio_rollmax_6,balance,balance_ratio_rollmax_6,reporting_month,float,balance_ratio_rollmax_6
balance_ratio_rollmean_12,balance,balance_ratio_rollmean_12,reporting_month,float,balance_ratio_rollmean_12
balance_ratio_rollstd_12,balance,balance_ratio_rollstd_12,reporting_month,float,balance_ratio_rollstd_12
balance_ratio_rollmax_12,balance,balance_ratio_rollmax_12,reporting_month,float,balance_ratio_rollmax_12
current_balance_lag1,current,current_balance_lag1,reporting_month,float,current_balance_lag1
current_balance_lag2,current,current_balance_lag2,reporting_month,float,current_balance_lag2
current_balance_lag3,current,current_balance_lag3,reporting_month,float,current_balance_lag3
current_balance_lag6,current,current_balance_lag6,reporting_month,float,current_balance_lag6
days_past_due_lag1,days,days_past_due_lag1,reporting_month,float,days_past_due_lag1
days_past_due_lag2,days,days_past_due_lag2,reporting_month,float,days_past_due_lag2
days_past_due_lag3,days,days_past_due_lag3,reporting_month,float,days_past_due_lag3
days_past_due_lag6,days,days_past_due_lag6,reporting_month,float,days_past_due_lag6
current_status_encoded_lag1,current,current_status_encoded_lag1,reporting_month,float,current_status_encoded_lag1
current_status_encoded_lag2,current,current_status_encoded_lag2,reporting_month,float,current_status_encoded_lag2
current_status_encoded_lag3,current,current_status_encoded_lag3,reporting_month,float,current_status_encoded_lag3
current_status_encoded_lag6,current,current_status_encoded_lag6,reporting_month,float,current_status_encoded_lag6
is_delinquent_lag1,is,is_delinquent_lag1,reporting_month,float,is_delinquent_lag1
is_delinquent_lag2,is,is_delinquent_lag2,reporting_month,float,is_delinquent_lag2
is_delinquent_lag3,is,is_delinquent_lag3,reporting_month,float,is_delinquent_lag3
is_delinquent_lag6,is,is_delinquent_lag6,reporting_month,float,is_delinquent_lag6
modification_flag_lag1,modification,modification_flag_lag1,reporting_month,float,modification_flag_lag1
modification_flag_lag2,modification,modification_flag_lag2,reporting_month,float,modification_flag_lag2
modification_flag_lag3,modification,modification_flag_lag3,reporting_month,float,modification_flag_lag3
modification_flag_lag6,modification,modification_flag_lag6,reporting_month,float,modification_flag_lag6
balance_ratio_lag1,balance,balance_ratio_lag1,reporting_month,float,balance_ratio_lag1
balance_ratio_lag2,balance,balance_ratio_lag2,reporting_month,float,balance_ratio_lag2
balance_ratio_lag3,balance,balance_ratio_lag3,reporting_month,float,balance_ratio_lag3
balance_ratio_lag6,balance,balance_ratio_lag6,reporting_month,float,balance_ratio_lag6
balance_3m_change,balance,balance_3m_change,reporting_month,float,balance_3m_change
balance_3m_pct_change,balance,balance_3m_pct_change,reporting_month,float,balance_3m_pct_change
dq_streak,dq,dq_streak,reporting_month,float,dq_streak
months_since_dq,months,months_since_dq,reporting_month,float,months_since_dq
